Id,Name,Shape Library,Page ID,Contained By,Group,Line Source,Line Destination,Source Arrow,Destination Arrow,Text Area 1
1,Page,,,,,,,,,Page 1
2,Process,Flowchart Shapes,1,,,,,,,Board
3,Process,Flowchart Shapes,1,,,,,,,Players
4,Text,Standard,1,,,,,,,POJO Class 
5,Process,Flowchart Shapes,1,,,,,,,Pieces
6,Process,Flowchart Shapes,1,,,,,,,Pawn
7,Process,Flowchart Shapes,1,,,,,,,Rook
8,Process,Flowchart Shapes,1,,,,,,,Knight
9,Process,Flowchart Shapes,1,,,,,,,Bishop
10,Process,Flowchart Shapes,1,,,,,,,King
11,Process,Flowchart Shapes,1,,,,,,,Queen
12,Text,Standard,1,,,,,,,"Abstract Class
Move 
Which Player - who does it belong to."
13,Text,Standard,1,,,,,,,"POJO Classes which extend Pieces
Override Move Method"
14,Text,Standard,1,,,,,,,
15,Text,Standard,1,,,,,,,Pieces[][] 
16,Process,Flowchart Shapes,1,,,,,,,Game
17,Text,Standard,1,,,,,,,POJO Class
18,Text,Standard,1,,,,,,,"who's turn is it?
Did someone Win?"
19,Text,Standard,1,,,,,,,Array List to hold captured pieces
20,Text,Standard,1,,,,,,,
21,Text,Standard,1,,,,,,,Track Game Moves with an Queue
22,Text,Standard,1,,,,,,,Players
23,Text,Standard,1,,,,,,,"Andrew Lukens, John Amores, Pranav Udayakumar "
24,Line,,1,,,6,5,None,Arrow,
25,Line,,1,,,7,5,None,Arrow,
26,Line,,1,,,8,5,None,Arrow,
27,Line,,1,,,9,5,None,Arrow,
28,Line,,1,,,11,5,None,Arrow,
29,Line,,1,,,10,5,None,Arrow,
30,Line,,1,,,5,3,None,Arrow,
31,Line,,1,,,5,2,None,Arrow,
32,Line,,1,,,2,16,None,Arrow,
33,Line,,1,,,3,16,None,Arrow,
34,Line,,1,,,23,23,None,Arrow,